{"cameraMode":{"drawMode":0,"name":"Shaded","section":"Shading Mode"},"sceneLighting":true,"audioPlay":false,"sceneViewState":{"showFog":true,"showMaterialUpdate":false,"showSkybox":true,"showFlares":true,"showImageEffects":true,"showParticleSystems":true},"in2DMode":false,"pivot":{"x":54.684906005859378,"y":1.515265941619873,"z":36.8170280456543},"rotation":{"x":-0.18894319236278535,"y":0.7661386132240295,"z":-0.260118693113327,"w":-0.5564898252487183},"size":3.6625664234161379,"orthographic":false}