{"cameraMode":{"drawMode":0,"name":"Shaded","section":"Shading Mode"},"sceneLighting":true,"audioPlay":false,"sceneViewState":{"showFog":true,"showMaterialUpdate":true,"showSkybox":true,"showFlares":true,"showImageEffects":true,"showParticleSystems":true},"in2DMode":false,"pivot":{"x":61.02072525024414,"y":18.51038360595703,"z":55.444175720214847},"rotation":{"x":0.27318236231803896,"y":-0.7009273171424866,"z":0.338869571685791,"w":0.5651224255561829},"size":5.117421627044678,"orthographic":false}