{"cameraMode":{"drawMode":0,"name":"Shaded","section":"Shading Mode"},"sceneLighting":false,"audioPlay":false,"sceneViewState":{"showFog":true,"showMaterialUpdate":false,"showSkybox":true,"showFlares":true,"showImageEffects":true,"showParticleSystems":true},"in2DMode":false,"pivot":{"x":52.81513977050781,"y":6.600078582763672,"z":18.62212371826172},"rotation":{"x":0.15608280897140504,"y":-0.8439041376113892,"z":0.36061060428619387,"w":0.36538785696029665},"size":12.085314750671387,"orthographic":false}