{"cameraMode":{"drawMode":0,"name":"Shaded","section":"Shading Mode"},"sceneLighting":false,"audioPlay":false,"sceneViewState":{"showFog":true,"showMaterialUpdate":true,"showSkybox":false,"showFlares":true,"showImageEffects":true,"showParticleSystems":true},"in2DMode":false,"pivot":{"x":42.333534240722659,"y":2.099348306655884,"z":57.47767639160156},"rotation":{"x":0.2934214472770691,"y":-0.6731176972389221,"z":0.33416032791137698,"w":0.5909963846206665},"size":3.195258617401123,"orthographic":false}