{"cameraMode":{"drawMode":0,"name":"Shaded","section":"Shading Mode"},"sceneLighting":true,"audioPlay":false,"sceneViewState":{"showFog":true,"showMaterialUpdate":true,"showSkybox":true,"showFlares":true,"showImageEffects":true,"showParticleSystems":true},"in2DMode":false,"pivot":{"x":26.30776596069336,"y":-1.8823881149291993,"z":76.52655029296875},"rotation":{"x":-0.1477247029542923,"y":0.8523105978965759,"z":-0.35514718294143679,"w":-0.3545113503932953},"size":10.0,"orthographic":false}