{"cameraMode":{"drawMode":0,"name":"Shaded","section":"Shading Mode"},"sceneLighting":false,"audioPlay":false,"sceneViewState":{"showFog":true,"showMaterialUpdate":false,"showSkybox":true,"showFlares":true,"showImageEffects":true,"showParticleSystems":true},"in2DMode":false,"pivot":{"x":51.750030517578128,"y":11.88691520690918,"z":69.79074096679688},"rotation":{"x":0.22989819943904878,"y":-0.6885238885879517,"z":0.2465323656797409,"w":0.6421884894371033},"size":4.002811431884766,"orthographic":false}