{"cameraMode":{"drawMode":0,"name":"Shaded","section":"Shading Mode"},"sceneLighting":false,"audioPlay":false,"sceneViewState":{"showFog":true,"showMaterialUpdate":true,"showSkybox":true,"showFlares":true,"showImageEffects":true,"showParticleSystems":true},"in2DMode":false,"pivot":{"x":50.94573974609375,"y":8.099315643310547,"z":52.25178146362305},"rotation":{"x":-0.3240194618701935,"y":0.6269731521606445,"z":-0.3218885362148285,"w":-0.6311250329017639},"size":2.0527122020721437,"orthographic":false}