{"cameraMode":{"drawMode":0,"name":"Shaded","section":"Shading Mode"},"sceneLighting":false,"audioPlay":false,"sceneViewState":{"showFog":true,"showMaterialUpdate":false,"showSkybox":true,"showFlares":true,"showImageEffects":true,"showParticleSystems":true},"in2DMode":false,"pivot":{"x":49.36119079589844,"y":7.700855255126953,"z":35.31794738769531},"rotation":{"x":-0.4089696705341339,"y":0.548303484916687,"z":-0.35052698850631716,"w":-0.6397259831428528},"size":8.857142448425293,"orthographic":false}