{"cameraMode":{"drawMode":0,"name":"Shaded","section":"Shading Mode"},"sceneLighting":true,"audioPlay":false,"sceneViewState":{"showFog":true,"showMaterialUpdate":false,"showSkybox":true,"showFlares":true,"showImageEffects":true,"showParticleSystems":true},"in2DMode":false,"pivot":{"x":56.23078536987305,"y":2.1015992164611818,"z":35.20830154418945},"rotation":{"x":-0.12901327013969422,"y":0.8708387613296509,"z":-0.3266032338142395,"w":-0.34399178624153139},"size":3.2982964515686037,"orthographic":false}