{"cameraMode":{"drawMode":0,"name":"Shaded","section":"Shading Mode"},"sceneLighting":true,"audioPlay":false,"sceneViewState":{"showFog":true,"showMaterialUpdate":true,"showSkybox":true,"showFlares":true,"showImageEffects":true,"showParticleSystems":true},"in2DMode":false,"pivot":{"x":45.47382354736328,"y":-13.577342987060547,"z":43.9763069152832},"rotation":{"x":0.3402250409126282,"y":-0.625137448310852,"z":0.34866824746131899,"w":0.6098864674568176},"size":28.388397216796876,"orthographic":false}